{"mean_auc_roc": 0.9515625, "mean_auc_pr": 0.9150881435048313, "mean_balanced_accuracy": 0.8977430555555556, "mean_mcc": 0.7917446559749614}