{"current_fold": 5, "auc_roc_scores": [0.8901909722222221, 0.9322916666666666, 0.9913194444444444, 0.9483506944444444, 0.9956597222222222], "auc_pr_scores": [0.8037845258478005, 0.9056786514021979, 0.9843648464076822, 0.8889541243427699, 0.9926585695237059], "balanced_accuracies": [0.8776041666666667, 0.8697916666666667, 0.9626736111111112, 0.8142361111111112, 0.9644097222222222], "mcc_scores": [0.7600065066233909, 0.7395833333333334, 0.9150784332257613, 0.6093343606152776, 0.9347206460770439]}