{"auc_roc": 0.9765625, "auc_pr": 0.9645943385600367, "balanced_accuracy": 0.9071180555555556, "mcc": 0.8250498133409638}