{"true_labels": [0.0, 0.0, 1.0, 0.0, 0.0, 0.0, 0.0, 1.0, 0.0, 0.0, 0.0, 1.0, 0.0, 0.0, 0.0, 0.0, 1.0, 0.0, 0.0, 0.0, 1.0, 0.0, 0.0, 1.0, 0.0, 1.0, 1.0, 1.0, 1.0, 1.0, 0.0, 1.0, 0.0, 1.0, 0.0, 1.0, 1.0, 0.0, 0.0, 0.0, 1.0, 0.0, 0.0, 1.0, 1.0, 0.0, 0.0, 0.0, 0.0, 0.0, 1.0, 0.0, 0.0, 0.0, 1.0, 1.0, 1.0, 0.0, 0.0, 0.0, 0.0, 0.0, 1.0, 0.0, 1.0, 1.0, 0.0, 1.0, 0.0, 1.0, 0.0, 1.0, 0.0, 0.0, 0.0, 0.0, 1.0, 0.0, 0.0, 0.0, 0.0, 0.0, 0.0, 0.0, 0.0, 0.0, 0.0, 1.0, 1.0, 1.0, 0.0, 1.0, 1.0, 0.0, 0.0, 1.0, 1.0, 0.0, 0.0, 0.0], "predicted_labels": [0.08116992563009262, 0.0036729348357766867, 0.9596849679946899, 0.004157489165663719, 0.03456450253725052, 0.015734635293483734, 0.004178138915449381, 0.9999585151672363, 0.013724539428949356, 0.004468320403248072, 0.007813042029738426, 0.9979606866836548, 0.46735846996307373, 0.0003015811671502888, 0.0002734462032094598, 0.05527115240693092, 0.6977410316467285, 0.1464492827653885, 0.0009713257313705981, 0.000990091823041439, 0.9962942004203796, 0.058803386986255646, 0.2871891260147095, 0.9995032548904419, 0.0075629400089383125, 0.8617086410522461, 0.9748433828353882, 0.9068633317947388, 0.10434725880622864, 0.9977912902832031, 0.0024147469084709883, 0.9963629841804504, 0.002380087273195386, 0.9956167936325073, 0.0052982294000685215, 0.9979487061500549, 0.9980325102806091, 0.20009365677833557, 0.016001051291823387, 0.00569592509418726, 0.9582997560501099, 0.43450629711151123, 0.012076104059815407, 0.24369116127490997, 0.9840728640556335, 0.5873740315437317, 0.03893395885825157, 0.00045239628525450826, 0.003591295098885894, 0.2684129774570465, 0.9968358874320984, 0.2487824559211731, 0.002537819556891918, 0.8327075242996216, 0.9689461588859558, 0.39855390787124634, 0.9689806699752808, 0.05555110052227974, 0.12989816069602966, 0.010564516298472881, 0.11884569376707077, 0.08535376936197281, 0.5306534767150879, 0.00015224642993416637, 0.22129537165164948, 0.9971023201942444, 0.6588420271873474, 0.5918105244636536, 0.005634235683828592, 0.9751548767089844, 0.0027340033557265997, 0.9999605417251587, 0.009168127551674843, 0.08986389636993408, 0.008944457396864891, 0.016695261001586914, 0.9679945707321167, 0.021998723968863487, 0.18953128159046173, 0.005292460322380066, 0.0109647111967206, 0.18544049561023712, 0.04040657356381416, 0.0010337632847949862, 0.08576451987028122, 0.004392688628286123, 0.004654124844819307, 0.9865720272064209, 0.9953261613845825, 0.848383903503418, 0.0698205977678299, 0.9371986389160156, 0.9664775729179382, 0.00265806564129889, 0.10333399474620819, 0.14124822616577148, 0.69698166847229, 0.02661742828786373, 0.07853827625513077, 0.005700893700122833]}