{"current_epoch": 1, "auc_roc_scores": [0.9765625], "auc_pr_scores": [0.9645943385600367], "balanced_accuracies": [0.9071180555555556], "mcc_scores": [0.8250498133409638]}